x,y,z
-233.045,92.409,4.67
-232.4378121,92.1199107,4.669
-231.8300155,91.83100737,4.669
-231.2212464,91.54311651,4.669
-230.6122785,91.25460572,4.669
-230.00267,90.96631683,4.669
-229.3922578,90.67859288,4.669
-228.781407,90.39066319,4.669
-228.1699455,90.10291552,4.669
-227.5580947,89.81498576,4.669
-226.9453053,89.52807931,4.669996239
-226.3325121,89.24018026,4.67
-225.7187153,88.95326921,4.67
-225.1048413,88.66533271,4.67
-224.4899915,88.37839602,4.670995136
-223.87479,88.09130199,4.671
-223.2594384,87.80360754,4.671994418
-222.6432951,87.51653523,4.672994651
-222.0265284,87.22964127,4.673994281
-221.4091446,86.94292476,4.674
-220.7919539,86.65484559,4.675987183
-220.173707,86.36818241,4.676992396
-219.55526,86.08097834,4.677993107
-218.9360412,85.79433358,4.678991869
-218.3165918,85.50712898,4.679992582
-217.6969745,85.21931073,4.680991977
-217.0764291,84.93250911,4.682982515
-216.4554983,84.64554109,4.683991146
-215.8343712,84.35795001,4.684989757
-215.2126534,84.07061278,4.685990896
-214.5905893,83.78304609,4.686989423
-213.9681583,83.49530913,4.68798851
-213.3449884,83.20821939,4.688988783
-212.7218227,82.920154,4.689989049
-212.0981196,82.63228596,4.69098859
-211.4734897,82.34543928,4.691988016
-210.8488696,82.05762629,4.692987409
-210.2238909,81.76963614,4.693
-209.5983719,81.48185159,4.693
-208.9725009,81.19391094,4.69398642
-208.3462846,80.90581146,4.694
-207.7199388,80.61712011,4.694
-207.0928903,80.32908356,4.694985821
-206.4652972,80.0412637,4.695
-205.8376851,79.75245698,4.695
-205.2093861,79.46430446,4.695
-204.5810098,79.17559911,4.695984086
-203.9523151,78.88673937,4.696
-203.3229206,78.59854234,4.696
-202.6933943,78.3097682,4.696983501
-202.0635667,78.02084726,4.697983227
-201.4334659,77.73180103,4.699966775
-200.8029038,77.44299397,4.70098272
-200.172057,77.15406414,4.702964954
-199.5407405,76.86536867,4.70594427
-198.9096365,76.57534798,4.707963117
-198.2776686,76.28633582,4.710944611
-197.6455823,75.99676442,4.713940368
-197.0130257,75.70749909,4.717923888
-196.3804022,75.41768189,4.720941222
-195.7473003,75.12808375,4.724916086
-195.1136408,74.83877122,4.728920122
-194.4798631,74.54888377,4.731939133
-193.8456068,74.25921413,4.735914288
-193.2112115,73.9690431,4.740895809
-192.5767516,73.6783019,4.744913376
-191.9414494,73.38858855,4.748909123
-191.3059769,73.09838313,4.753889946
-190.6700163,72.8083911,4.757911847
-190.0339876,72.51784676,4.762882358
-189.3975173,72.22761951,4.766908696
-188.7609747,71.93684089,4.771882459
-188.1237823,71.64672978,4.776883969
-187.4864504,71.35604712,4.780903132
-186.8488448,71.065227,4.785875825
-186.2109529,70.77427634,4.790874977
-185.5731121,70.48237417,4.794898984
-184.9348117,70.19068232,4.798894763
-184.2964065,69.89850892,4.803871423
-183.657622,69.60659566,4.80789595
-183.0189437,69.31376916,4.812867421
-182.3799454,69.02076997,4.816893925
-181.7404598,68.72799331,4.821863595
-181.1012338,68.43392917,4.82589212
-180.4620204,68.13930626,4.829887373
-179.8227745,67.84420578,4.834860919
-179.1834709,67.5485428,4.838884557
-178.5440858,67.25237777,4.843858484
-177.9046283,66.95564469,4.847883573
-177.2645431,66.65957618,4.851884106
-176.6245848,66.36262452,4.856854806
-175.9846137,66.06511836,4.860877606
-175.3442064,65.76791295,4.86487996
-174.7033628,65.47097154,4.869848964
-174.0622422,65.17391566,4.873879924
-173.4205945,64.87706475,4.878847395
-172.7783686,64.58040821,4.883841613
-172.1353218,64.28435496,4.887873582
-171.4912462,63.98927426,4.892842809
-170.8465122,63.69438155,4.897840991
-170.2011328,63.39965044,4.902836433
-169.5544382,63.10670847,4.907834326
-168.9073121,62.8136514,4.9128353
-168.2587209,62.52273928,4.91879919
-167.6091401,62.23287791,4.924795629
-166.9581744,61.94480986,4.930795628
-166.3060483,61.65812996,4.936788224
-165.6524408,61.37375988,4.942793805
-164.9980755,61.09000527,4.949753391
-164.3420662,60.80888049,4.956753867
-163.6842287,60.53081396,4.962788188
-163.0261152,60.25509986,4.97070725
-162.3695747,59.98277487,4.977748441
-161.7161524,59.71353752,4.984751812
-161.0654804,59.449522,4.991747523
-160.4182278,59.18933421,4.999712794
-159.7741325,58.93377727,5.006759055
-159.1333095,58.68273587,5.014721566
-158.4955686,58.43632949,5.021762982
-157.8608096,58.1943117,5.028759579
-157.2291846,57.95599037,5.035764989
-156.6000804,57.72280879,5.042765401
-155.9738848,57.49363997,5.048799826
-155.3501548,57.26924668,5.055773541
-154.7283551,57.05016683,5.061803649
-154.1079851,56.83686584,5.068774362
-153.4894556,56.62757963,5.074811111
-152.8724323,56.42342494,5.081779536
-152.2568818,56.22442286,5.087806346
-151.6427449,56.03023861,5.093807053
-151.030211,55.83996418,5.099811657
-150.4188662,55.65471236,5.105814734
-149.8091389,55.47367891,5.111811749
-149.2008619,55.29842899,5.116844886
-148.5945168,55.12722503,5.122816665
-147.9900389,54.96025537,5.127842654
-147.3872438,54.79790947,5.132848473
-146.7860989,54.63975813,5.137849426
-146.1868335,54.48558491,5.141880911
-145.5895681,54.33638468,5.14588229
-144.9948175,54.19134208,5.148910164
-144.4026891,54.05118322,5.15191036
-143.8134023,53.91598864,5.154911363
-143.2270866,53.78579055,5.156941684
-142.6438885,53.65965001,5.160884127
-142.0630158,53.53951445,5.162941426
-141.4842808,53.42423925,5.165915498
-140.9072878,53.31410513,5.168915315
-140.3319849,53.20812569,5.170941025
-139.757842,53.10873709,5.173917058
-139.1853263,53.01370681,5.175943014
-138.6142407,52.92453139,5.178914672
-138.0446062,52.84044724,5.181912599
-137.4763314,52.76127145,5.184913742
-136.9092429,52.68809124,5.187914059
-136.3434733,52.61997912,5.191883581
-135.7789573,52.55775417,5.194915121
-135.2158508,52.50060478,5.198887384
-134.6542664,52.44850508,5.201913169
-134.0944258,52.40129699,5.205889618
-133.5366086,52.36014686,5.209888111
-132.9813538,52.32302358,5.213889342
-132.4288225,52.29091559,5.217885551
-131.8790527,52.2637403,5.222862908
-131.3319531,52.24062874,5.226890654
-130.7872721,52.22347638,5.231859889
-130.2449081,52.21035757,5.236862472
-129.7046691,52.20221732,5.241864175
-129.1664381,52.19908051,5.247838981
-128.6302325,52.20094689,5.252867234
-128.096179,52.20684069,5.257867238
-127.5643793,52.21867565,5.263837827
-127.0347771,52.2345833,5.269843738
-126.5072648,52.25543265,5.274864916
-125.9816138,52.28132579,5.280844414
-125.4576318,52.31219354,5.286843911
-124.9352269,52.34802071,5.292836786
-124.4143723,52.38789656,5.298834484
-123.8953486,52.4327559,5.30483412
-123.378422,52.48260522,5.310832627
-122.863742,52.53752956,5.316839588
-122.3512273,52.59636372,5.323805865
-121.8409903,52.66024435,5.329835408
-121.3328208,52.72814997,5.336809556
-120.8267428,52.80101734,5.342837042
-120.3225754,52.87792598,5.348838388
-119.8204782,52.95979838,5.354838906
-119.320608,53.0466322,5.361809488
-118.8231079,53.13759996,5.367841756
-118.328324,53.23341596,5.373838498
-117.8361696,53.33332325,5.380812627
-117.346613,53.43731748,5.387819445
-116.8597287,53.54615107,5.393843178
-116.3751886,53.65892719,5.400809649
-115.8928678,53.7758765,5.40683982
-115.4127618,53.89775639,5.413813891
-114.9351271,54.0254848,5.419835225
-114.4594735,54.15655994,5.42681618
-113.9862543,54.29247657,5.433818647
-113.5154153,54.43328333,5.440815485
-113.0466086,54.57810182,5.447811812
-112.5797829,54.72692153,5.453835766
-112.1153133,54.88091327,5.46081424
-111.6530315,55.0395248,5.467802979
-111.1928549,55.20244489,5.474804382
-110.7347105,55.36936538,5.480833487
-110.2791926,55.54139093,5.487812421
-109.8261623,55.71727471,5.494812062
-109.3759334,55.89722663,5.501814369
-108.9284382,56.08089145,5.508805653
-108.4837495,56.26861369,5.515799446
-108.0413963,56.45964321,5.521831724
-107.6019599,56.65566026,5.528809295
-107.1652355,56.85637221,5.535804007
-106.7309901,57.06133649,5.542806612
-106.2990272,57.27018131,5.548832956
-105.8696483,57.48321658,5.555809935
-105.4433134,57.70071352,5.56279814
-105.0197741,57.92184851,5.568832991
-104.5989828,58.14659589,5.575800761
-104.1810659,58.37538973,5.581826805
-103.7659585,58.60828593,5.58879829
-103.3536424,58.84530279,5.59483045
-102.9438598,59.08602874,5.600826442
-102.5363954,59.33016835,5.60780401
-102.1318351,59.57872363,5.613824666
-101.7300356,59.83142536,5.620790425
-101.3310235,60.08825552,5.626819195
-100.9340724,60.34809362,5.632817545
-100.5398798,60.61203993,5.638819089
-100.1484786,60.88013232,5.644823858
-99.75958407,61.15190009,5.650821325
-99.37319864,61.4273002,5.655842395
-98.98951561,61.70661134,5.661819599
-98.6087931,61.99020935,5.667814282
-98.230907,62.277928,5.6728425
-97.85503377,62.56868663,5.678807972
-97.48282432,62.8645914,5.683841071
-97.11226027,63.16311908,5.688834767
-96.7448965,63.4661781,5.694805507
-96.38006582,63.77285149,5.699834715
-96.01817825,64.08353747,5.704831792
-95.65928369,64.39822183,5.709828918
-95.30293728,64.71633692,5.71579881
-94.95012729,65.03890336,5.720828225
-94.5999679,65.36485276,5.72582903
-94.25294149,65.69464354,5.730827932
-93.90909079,66.02826068,5.736789114
-93.56796468,66.36517567,5.741824565
-93.23004528,66.70584781,5.746821815
-92.89584819,67.0507616,5.751822632
-92.56393192,67.39849305,5.756820302
-92.23574268,67.7503981,5.762785195
-91.91083062,68.10604093,5.767817991
-91.58868693,68.46497016,5.772818526
-91.27024725,68.82802509,5.777808037
-90.95466111,69.1944509,5.782814903
-90.64222577,69.56450875,5.7878047
-90.33311182,69.93834039,5.792804016
-90.02678681,70.31547834,5.797807405
-89.72422389,70.69658902,5.802798286
-89.42470529,71.08096712,5.806843408
-89.12859079,71.46880667,5.81180421
-88.835926,71.8600444,5.815837188
-88.54690635,72.25472661,5.820794008
-88.26095703,72.6523605,5.824832769
-87.97871965,73.05333483,5.829792205
-87.70073296,73.45790702,5.83383118
-87.42664801,73.86565552,5.838787445
-87.15588103,74.27598117,5.842824634
-86.88945705,74.68921142,5.846827714
-86.62749934,75.10474151,5.850824438
-86.37023213,75.5217751,5.854825181
-86.11731622,75.93930363,5.859776359
-85.86986952,76.35760542,5.863823975
-85.62846123,76.77681223,5.86782637
-85.39129964,77.19579094,5.871826166
-85.15974779,77.61531894,5.876789009
-84.93276407,78.03493433,5.880827946
-84.71164398,78.45562843,5.884825448
-84.49514673,78.87717234,5.888830616
-84.28306463,79.29991351,5.892828969
-84.07603767,79.7244444,5.896825359
-83.87296586,80.15018494,5.900823333
-83.67550415,80.57756715,5.903870495
-83.48235325,81.0054757,5.906870157
-83.2943976,81.4338374,5.910821328
-83.11107395,81.86211667,5.91386764
-82.9327652,82.29032863,5.915912751
-82.75947946,82.7184959,5.918870298
-82.5911141,83.14687599,5.921872963
-82.42700808,83.57566788,5.923914536
-82.26783562,84.00551373,5.926871026
-82.11387406,84.43671691,5.928910726
-81.96366335,84.86880956,5.929955578
-81.81751936,85.30166517,5.931910694
-81.6773284,85.73538196,5.932954797
-81.54014195,86.16858785,5.933955168
-81.40787583,86.6017255,5.934955486
-81.28061532,87.03485484,5.935955785
-81.15741623,87.46793309,5.936
-81.03928682,87.90155525,5.936
-80.92597537,88.33589104,5.936
-80.81701628,88.7709349,5.936
-80.71169878,89.20653364,5.93504475
-80.61159022,89.64294073,5.935
-80.51640313,90.07974559,5.933092698
-80.42530388,90.5163319,5.932047295
-80.33902449,90.95259678,5.930093593
-80.25687458,91.3883986,5.929047251
-80.17954009,91.82400081,5.92709195
-80.10643181,92.25950318,5.924141033
-80.03824315,92.69520566,5.922095387
-79.97500981,93.13117018,5.919143324
-79.91487626,93.56709921,5.916143813
-79.86056933,94.00325508,5.91314274
-79.81038977,94.43916122,5.910143386
-79.7651152,94.87455303,5.906188018
-79.72396741,95.30912629,5.903143957
-79.68680319,95.74284905,5.89919494
-79.65361454,96.17581526,5.895195702
-79.62534408,96.60826272,5.890240015
-79.60209777,97.04038107,5.885238645
-79.58196328,97.47219315,5.88024082
-79.56768561,97.90384397,5.875244861
-79.55653126,98.33518414,5.870241483
-79.55029018,98.7661553,5.864290181
-79.54904983,99.19652386,5.858298972
-79.55185307,99.62598924,5.852293857
-79.55866252,100.0543656,5.846289267
-79.57039981,100.4815932,5.840300095
-79.58525402,100.9078143,5.833348123
-79.60501736,101.333119,5.826343923
-79.62879678,101.757693,5.819350939
-79.65759761,102.1815444,5.812338508
-79.69034541,102.6047411,5.804401112
-79.72718069,103.02725,5.797344194
-79.76889432,103.4488429,5.789401082
-79.81379422,103.8694128,5.781392138
-79.86356424,104.2885884,5.772438436
-79.91734463,104.7064454,5.764393389
-79.97602164,105.1229496,5.756403845
-80.03886035,105.5383182,5.747448521
-80.10570808,105.9526589,5.739393065
-80.17548443,106.3662079,5.730452002
-80.2502925,106.7786335,5.7214449
-80.33009273,107.1899264,5.711488409
-80.41285307,107.6004652,5.702449667
-80.5006559,108.0098098,5.692493647
-80.59232087,108.4181982,5.682508601
-80.6881774,108.8255542,5.673452119
-80.7880554,109.2319249,5.66349446
-80.89283976,109.6370962,5.652540596
-81.0005596,110.0415985,5.642503741
-81.11335727,110.4448759,5.632499357
-81.2291113,110.8475418,5.621558412
-81.34996217,111.2489903,5.610548893
-81.4746467,111.6496186,5.600508264
-81.60449343,112.0490298,5.589550556
-81.73731816,112.4479545,5.578552634
-81.87498257,112.8457613,5.566610211
-82.01671504,113.2426329,5.555564328
-82.16273223,113.6383372,5.544547572
-82.31321451,114.032634,5.533567155
-82.46708371,114.425798,5.522565449
-82.6259138,114.8171151,5.511559423
-82.78781212,115.2072884,5.499606509
-82.95460388,115.5954928,5.488553038
-83.12521668,115.982122,5.477565009
-83.29912105,116.367354,5.467510285
-83.47785777,116.7504387,5.456561813
-83.65993169,117.1320163,5.445548085
-83.84642011,117.5115328,5.434563523
-84.03620874,117.8895205,5.423566862
-84.22999238,118.2656038,5.413515857
-84.42779738,118.6397284,5.402566812
-84.62888026,119.0122709,5.391553816
-84.83353998,119.3830699,5.380561269
-85.04218127,119.751899,5.370517642
-85.25412159,120.119168,5.359564446
-85.47076461,120.4841018,5.348569536
-85.69080333,120.8475255,5.337559833
-85.91445613,121.2093443,5.327515351
-86.14147638,121.5697247,5.316558413
-86.37279718,121.9281172,5.304631181
-86.60756344,122.285107,5.293582137
-86.84640933,122.6402984,5.282579487
-87.08831762,122.9944481,5.271576472
-87.33498015,123.3464454,5.260579831
-87.5858486,123.6966614,5.249576356
-87.83983576,124.0459121,5.239518277
-88.0981723,124.3934207,5.228587277
-88.36016884,124.7397344,5.217580698
-88.62654992,125.0843285,5.206595322
-88.89667111,125.427797,5.19558377
-89.17120084,125.7695952,5.185538151
-89.44951874,126.1100785,5.175554884
-89.73200986,126.4488457,5.164621525
-90.01815969,126.786335,5.155498471
-90.30854012,127.1219948,5.145565632
-90.60252741,127.4562862,5.135560292
-90.90017542,127.7891994,5.125564583
-91.20146037,128.120718,5.115580782
-91.50675769,128.4504009,5.105565322
-91.81570259,128.7785811,5.096531215
-92.12867032,129.104909,5.086585613
-92.44520004,129.4297256,5.077533753
-92.76520187,129.7530256,5.067587441
-93.08866334,130.0747827,5.058537129
-93.41557504,130.3949909,5.049534632
-93.7468599,130.7127092,5.040545967
-94.0815699,131.0287286,5.031548868
-94.41908489,131.3435081,5.023495032
-94.76072808,131.655594,5.015497589
-95.10481518,131.9668474,5.00749267
-95.45212324,132.2765121,4.999502914
-95.80287584,132.5845862,4.992441222
-96.15625834,132.8922135,4.985449694
-96.51310231,133.1983734,4.978448974
-96.87329276,133.5029703,4.972394026
-97.23557014,133.8073241,4.96638834
-97.60098687,134.1101203,4.960393658
-97.96838393,134.4127319,4.954401349
-98.33811143,134.7146855,4.948403598
-98.7097386,135.0164921,4.943339535
-99.08323579,135.3181957,4.93741333
-99.45903569,135.6192147,4.931414324
-99.83751614,135.9190365,4.92541927
-100.2175151,136.2190909,4.919418183
-100.5993021,136.5190331,4.913419339
-100.9829074,136.8188339,4.908352769
-101.3690919,137.1174379,4.902432684
-101.7567781,137.4162517,4.89643642
-102.1466948,137.7143719,4.891362887
-102.5384004,138.0122585,4.887291833
-102.9326021,138.3088958,4.882372125
-103.3282562,138.6056921,4.878300443
-103.7260622,138.9017347,4.875225661
-104.1256308,139.1975268,4.871303692
-104.5265694,139.4935375,4.869151774
-104.9299561,139.7883318,4.867153683
-105.3347916,140.083268,4.866077058
-105.7412392,140.3779792,4.865078036
-106.1490068,140.6728676,4.865
-106.5584364,140.9675701,4.864079423
-106.9692428,141.2624881,4.864920299
-107.3812843,141.5578357,4.865
-107.7951012,141.8528451,4.865
-108.2098028,142.1486087,4.865917597
-108.6264671,142.4435702,4.866
-109.0440851,142.7392756,4.866
-109.4629584,143.0352451,4.866
-109.8834503,143.3310054,4.866
-110.3048472,143.627556,4.86508567
-110.728233,143.9233325,4.864086715
-111.1529662,144.2192071,4.863087138
-111.5789286,144.5152415,4.862087022
-112.0061126,144.811709,4.860177044
-112.4350718,145.1078304,4.858176821
-112.8656731,145.403678,4.856177851
-113.2971446,145.7002869,4.854179886
-113.7301865,145.996467,4.852179277
-114.1647445,146.2922882,4.850180485
-114.600537,146.5882086,4.848181023
-115.0378498,146.8838666,4.847091667
-115.4768547,147.1790231,4.845182894
-115.9169866,147.4744717,4.844093001
-116.3587327,147.7694574,4.84218673
-116.8013288,148.0651565,4.841094066
-117.2457991,148.3600241,4.839189667
-117.6915211,148.654903,4.837190488
-118.1384033,148.9498881,4.836095295
-118.587166,149.2439528,4.835095399
-119.0367629,149.5386557,4.833192165
-119.4881761,149.8324951,4.832096955
-119.9408269,150.1263313,4.831097512
-120.3946564,150.4202841,4.830097673
-120.8499433,150.7139503,4.828197617
-121.3068027,151.0070223,4.8270989
-121.7651046,151.299703,4.82519998
-122.224555,151.5924165,4.824100967
-122.6858019,151.8841692,4.822204321
-123.1486954,152.1752686,4.82110217
-123.6123839,152.4670347,4.819205242
-124.0778214,152.7579142,4.818103388
-124.5444548,153.0487502,4.816207903
-125.0128455,153.338606,4.815104807
-125.4828045,153.62775,4.814104671
-125.9538799,153.9168605,4.813104289
-126.4262579,154.2056079,4.811210326
-126.9003845,154.493311,4.810106559
-127.3757194,154.7809731,4.808215465
-127.8525607,155.0680501,4.807107839
-128.3308918,155.3544206,4.805213842
-128.8101537,155.6410002,4.804108013
-129.2914726,155.9259413,4.802217956
-129.7739504,156.2106974,4.800219667
-130.2574948,156.4954939,4.798221096
-130.7425134,156.77968,4.797110282
-131.2292085,157.0627413,4.79522091
-131.7171802,157.345274,4.794112106
-132.2063748,157.6274984,4.793111708
-132.6971118,157.9089665,4.791227188
-133.1890915,158.1900685,4.790113635
-133.6826929,158.470085,4.789113982
-134.1773818,158.7499735,4.78811438
-134.6736355,159.0287974,4.788
-135.1707165,159.3078429,4.787115258
-135.6699316,159.5848301,4.787
-136.1700514,159.8618965,4.786115897
-136.6712608,160.1385881,4.786
-137.1741624,160.4138324,4.785116973
-137.6783893,160.6885387,4.784118041
-138.1836819,160.9632184,4.784
-138.6903124,161.2372023,4.783119699
-139.1983047,161.5103823,4.782119479
-139.707474,161.7830655,4.781120639
-140.2179726,162.0549834,4.780121384
-140.7292708,162.3271422,4.779120801
-141.2422238,162.5979021,4.778122133
-141.7560014,162.8687848,4.777122565
-142.2706289,163.1396533,4.777
-142.7864839,163.4097649,4.777
-143.303447,163.6793527,4.777
-143.8214839,163.9484965,4.777
-144.3404469,164.2175418,4.77612438
-144.8605101,164.4861866,4.776
-145.3813079,164.7550822,4.776
-145.9032894,165.0232635,4.776
-146.4258087,165.2919551,4.776
-146.9496784,165.5596339,4.776
-147.4741416,165.8278053,4.776
-147.9996044,166.0956615,4.776
-148.5259741,166.3634062,4.776
-149.0532139,166.6310858,4.775130277
-149.5811165,166.8990364,4.774130461
-150.1098146,167.1669496,4.774
-150.6396776,167.4340772,4.773130797
-151.1700622,167.7017018,4.77213171
-151.7015561,167.9686456,4.771132413
-152.2339234,168.235395,4.771
-152.7669341,168.5024004,4.770133332
-153.3007084,168.7693542,4.769133505
-153.8352682,169.0362011,4.768134078
-154.3706166,169.3029433,4.767135044
-154.9071245,169.5689015,4.766135709
-155.4439988,169.8357033,4.765135943
-155.9820762,170.1015181,4.765
-156.5207906,170.3673772,4.76413768
-157.0602249,170.6331664,4.763138472
-157.6006025,170.8984901,4.762137773
-158.1419369,171.1632994,4.761138493
-158.6838898,171.4282764,4.76013858
-159.226744,171.6928532,4.759140177
-159.7705513,171.9568999,4.758140531
-160.3151357,172.2207666,4.757141035
-160.8608034,172.4838156,4.756141386
-161.406752,172.7476493,4.75514148
-161.9541502,173.0097798,4.754142062
-162.5019064,173.2725208,4.753142507
-163.0507953,173.5342698,4.752144009
-163.6006335,173.795337,4.751144303
-164.1510528,174.0565359,4.75014354
-164.7023422,174.3173357,4.749144308
-165.2543691,174.5779445,4.748145806
-165.8072481,174.8380334,4.747146025
-166.3608425,175.0979116,4.746146494
-166.9154586,175.3569474,4.746
-167.4703269,175.6167387,4.745147159
-168.0262756,175.8755339,4.745
-168.5831573,176.1336276,4.74414873
-169.1402465,176.3925204,4.744
-169.6983761,176.6504044,4.744
-170.2571056,176.9082795,4.743150079
-170.8163413,177.1663883,4.743
-171.376372,177.4240802,4.743
-171.9372519,177.681176,4.743
-172.4984838,177.9387417,4.743
-173.0604846,178.1958942,4.742152163
-173.6231601,178.4528155,4.742
-174.1867759,178.7088628,4.742
-174.7506291,178.9656431,4.74284686
-175.3155951,179.221467,4.743
-175.8808633,179.4783644,4.743
-176.4473616,179.7344314,4.743
-177.0145078,179.9909604,4.743844204
-177.5826369,180.2471744,4.744
-178.1514758,180.5036356,4.744
-178.7209753,180.7604099,4.744842062
-179.291604,181.0164722,4.745
-179.8626786,181.2733474,4.745841819
-180.4344991,181.5303379,4.746
-181.0073009,181.7869431,4.746840245
-181.5808451,182.043739,4.747
-182.1550672,182.3008384,4.747839838
-182.7299208,182.5583083,4.748
-183.3057333,182.8153862,4.748
-183.8819234,183.0733094,4.748838409
-184.4589657,183.3310262,4.749
-185.0367185,183.5889159,4.749836883
-185.6152644,183.8467862,4.75
-186.1946207,184.1045727,4.75
-186.7743447,184.363285,4.75
-187.3547912,184.6221117,4.75
-187.9355863,184.8818545,4.75
-188.5173948,185.141009,4.75
-189.0997502,185.4006296,4.75
-189.6823984,185.6613053,4.75
-190.2657429,185.9220871,4.75
-190.8497195,186.1830767,4.75
-191.4344333,186.4440241,4.74916849
-192.0196094,186.7055626,4.749
-192.6053495,186.9674464,4.749
-193.1913701,187.2302856,4.749
-193.7782008,187.4929147,4.749
-194.3655431,187.7559912,4.749
-194.9537344,188.0187829,4.749
-195.5421299,188.2827114,4.749
-196.1309831,188.5471789,4.74817291
-196.7207165,188.8112324,4.748
-197.3107965,189.076095,4.748
-197.9012196,189.3417401,4.748
-198.4922935,189.6074021,4.748
-199.0839462,189.8732461,4.748
-199.6761655,190.1393446,4.748
-200.2689466,190.405779,4.748
-200.8621752,190.6728023,4.748
-201.4560456,190.9398235,4.748823309
-202.0502549,191.2073703,4.749
-202.6449305,191.4752242,4.749821732
-203.2403299,191.7430342,4.75
-203.8363719,192.0110532,4.75
-204.4328158,192.2797043,4.75
-205.0294345,192.5493523,4.75
-205.6269453,192.8183934,4.750819306
-206.224751,193.088125,4.751
-206.8231472,193.3579345,4.750181724
-207.422165,193.6279425,4.75
-208.0215834,193.8985802,4.749182361
-208.6216218,194.1692288,4.749
-209.2217486,194.4410194,4.748183752
-209.8228405,194.7119598,4.748
-210.424087,194.9838031,4.748
-211.0258772,195.2557917,4.747184589
-211.6280606,195.528321,4.747
-212.2310365,195.8004957,4.746185677
-212.8344314,196.0731205,4.746
-213.4382729,196.3460488,4.745186634
-214.0427379,196.6188916,4.745
-214.6474168,196.892559,4.744187741
-215.2526358,197.1662908,4.744
-215.8583591,197.4401657,4.743189176
-216.4642735,197.7149376,4.743
-217.0710453,197.9891094,4.742189382
-217.6782293,198.2636366,4.742
-218.2858513,198.5384656,4.741191034
-218.8936363,198.814177,4.741
-219.5019442,199.0899501,4.74019221
-220.1107546,199.3658641,4.74
-220.7201832,199.6416927,4.74
-221.3301013,199.9176557,4.74
-221.9403009,200.1941872,4.73919427
-222.5508883,200.4710001,4.739
-223.1618915,200.7480016,4.73980506
-223.773461,201.0248949,4.74
-224.3852083,201.3025848,4.74
-224.9977609,201.5796668,4.740803851
-225.6105556,201.8573776,4.741803516
-226.2235742,202.1358244,4.742802238
-226.8373112,202.4139031,4.743
-227.4512544,202.6926791,4.744603435
-228.0656698,202.9715038,4.745801089
-228.6805385,203.2504443,4.746800876
-229.2959744,203.529279,4.747800283
-229.9115721,203.8088964,4.74879963
-230.5279736,204.0879167,4.749798985
-231.144616,204.3675535,4.750798405
-231.7615961,204.6475444,4.751798373
-232.3791259,204.9274227,4.752797938
-232.9971115,205.2074162,4.753797915
-233.6153567,205.4879632,4.754797022
-234.2339724,205.7687888,4.755796401
-234.8534251,206.0488371,4.756795847
-235.4730691,206.3294716,4.757795273
-236.0930096,206.6104447,4.758795177
-236.7131675,206.8919505,4.759
-237.3339817,207.1730723,4.759793851
-237.9551301,207.4545735,4.76
-238.5766519,207.7363566,4.76
-239.1985661,208.0183178,4.760791907
-239.8209807,208.3001469,4.761
-240.4438082,208.5820689,4.761
-241.0670219,208.8641656,4.761
-241.6904638,209.1467985,4.760209193
-242.314396,209.4294097,4.76
-242.9389047,209.711755,4.76
-243.5636358,209.9945183,4.76
-244.1887866,210.2772294,4.76
-244.8138807,210.560965,4.76
-245.4397762,210.8438687,4.76
-246.0657666,211.1275554,4.76
-246.6924304,211.4107126,4.76
-247.3192452,211.6944157,4.760786675
-247.9464299,211.9781435,4.761785716
-248.5738455,212.2622347,4.762
-249.2015512,212.5466281,4.76278466
-249.8297589,212.83084,4.764569296
-250.4581852,213.1154623,4.765784078
-251.086903,213.4003344,4.767567259
-251.7160945,213.6850665,4.76878269
-252.3455345,213.9701675,4.770566087
-252.9755465,214.2549172,4.772564331
-253.6055431,214.5405989,4.774563629
-254.2361667,214.8257457,4.777344691
-254.8669267,215.1114184,4.779562367
-255.498072,215.3971307,4.781560354
-256.1291728,215.6838567,4.784339966
-256.7609119,215.9700582,4.787339771
-257.3929104,216.2564839,4.789557379
-258.025022,216.543434,4.793114063
-258.6575307,216.8303117,4.796334269
-259.2904034,217.117254,4.799333665
-259.9233262,217.4049967,4.802333299
-260.5563232,217.6934186,4.80610614
-261.1897253,217.9817234,4.809330452
-261.8230073,218.2710507,4.813104147
-262.4564596,218.5608001,4.817100692
-263.0902269,218.8506937,4.821874029
-263.7240155,219.1413715,4.826097889
-264.3577102,219.4330053,4.830095964
-264.9916104,219.7249593,4.834869167
-265.6255113,220.0176874,4.839868386
-266.2597571,220.3104438,4.844091383
-266.893914,220.6041841,4.848863675
-267.5283707,220.8980378,4.853861187
-268.1628763,221.1925803,4.858857294
-268.7978729,221.4868073,4.863857267
-269.4330617,221.7813085,4.869623224
-270.0684795,222.0760384,4.874848109
-270.7044577,222.3702587,4.880617525
-271.3404829,222.66504,4.886617764
-271.9770849,222.959193,4.892616185
-272.6141816,223.252883,4.898609858
-273.2512294,223.5460302,4.905376148
-273.8871679,223.8373598,4.912372917
-274.5201713,224.1268584,4.919373732
-275.1495246,224.4137485,4.92714681
-275.7747638,224.698354,4.935150818
-276.3962108,224.979936,4.943147644
-277.0137214,225.2587899,4.951152226
-277.6277474,225.5338626,4.959926144
-278.2377623,225.8063651,4.968927522
-278.8438888,226.0761473,4.977930578
-279.4465111,226.3423768,4.986941099
-280.0454854,226.6051893,4.996717147
-280.6405652,226.8649468,5.005947958
-281.2321189,227.1208026,5.016489522
-281.8198287,227.3737318,5.026727452
-282.4041213,227.6229006,5.037511722
-282.9848622,227.8686056,5.048512904
-283.5618398,228.1113146,5.060288328
-284.1355388,228.349774,5.071529593
-284.7054388,228.5853166,5.083309781
-285.2719698,228.8171555,5.09530678
-285.835191,229.0451839,5.108089828
-286.3948842,229.2698642,5.120314152
-286.9511285,229.4908978,5.132321697
-287.50368,229.7088268,5.144336045
-288.0529968,229.9226654,5.156333264
-288.5991389,230.1326514,5.169117074
-289.1419915,230.3393879,5.180564403
-289.6820149,230.5424082,5.192350981
-290.2193811,230.7420425,5.20357019
-290.7543399,230.9380342,5.215355952
-291.2872093,231.1300695,5.226585155
-291.8178806,231.3188105,5.237589975
-292.3464483,231.503732,5.24781152
-292.8729068,231.6846145,5.258593108
-293.397182,231.8614352,5.269589699
-293.9192918,232.0342034,5.279802526
-294.4393701,232.2032181,5.290591659
-294.9576938,232.368127,5.300812622
-295.4742619,232.5290425,5.310815154
-295.988859,232.6867468,5.320818269
-296.5019386,232.8397966,5.330815568
-297.0131274,232.9896078,5.340826027
-297.5229501,233.1346447,5.35082255
-298.0310284,233.2764162,5.360830935
-298.5372333,233.4150636,5.370830697
-299.0418224,233.5491892,5.3800504
-299.5446556,233.6791585,5.389841746
-300.0458801,233.805024,5.399057726
-300.5460734,233.9260976,5.409625614
-301.0455297,234.0430169,5.419846287
-301.5443778,234.1566286,5.429058918
-302.0428689,234.2663802,5.438833043
-302.5410892,234.3714644,5.448833116
-303.0387246,234.4724154,5.458057388
-303.53549,234.5692335,5.467836822
-304.0310357,234.6621198,5.477839104
-304.5251914,234.7509734,5.487837882
-305.0180793,234.8349992,5.497831223
-305.5097215,234.9149002,5.507835468
-306.0003769,234.9908332,5.517844427
-306.4904719,235.0619246,5.528631001
-306.9799971,235.1295057,5.538053008
-307.4691336,235.1925773,5.547835043
-307.9578679,235.2507202,5.557845653
-308.4459324,235.304589,5.568631673
-308.9330652,235.3536573,5.578845281
-309.419042,235.3977136,5.589624407
-309.903754,235.4376,5.600630773
-310.3872299,235.4734804,5.611636707
-310.8695971,235.5045153,5.622622295
-311.3509235,235.5313742,5.633619873
-311.8312764,235.554246,5.644623002
-312.3107096,235.5731185,5.656412349
-312.7892963,235.5872068,5.668421664
-313.2669641,235.59706,5.67962888
-313.7435024,235.6021387,5.691416026
-314.2186756,235.6037846,5.703414964
-314.6923965,235.6016444,5.715422321
-315.164677,235.5955027,5.727423991
-315.6355216,235.5853516,5.738648378
-316.104893,235.5712017,5.750438628
-316.5727157,235.5522857,5.761642891
-317.0390332,235.529934,5.773425749
-317.5038389,235.5029839,5.785435489
-317.9673027,235.4726082,5.796655139
-318.4293632,235.437686,5.807651506
-318.8899725,235.3985241,5.818655865
-319.3491322,235.3553817,5.829654583
-319.8069316,235.3082779,5.840644646
-320.2634823,235.2571204,5.8516476
-320.7189111,235.2019494,5.862652797
-321.1732521,235.1419992,5.873655888
-321.6266643,235.0779357,5.884641645
-322.0792598,235.0105538,5.89485973
-322.5308244,234.9385672,5.905654254
-322.9813209,234.8617206,5.916641973
-323.4308592,234.780558,5.927644657
-323.8795286,234.6954778,5.937851416
-324.3272945,234.6062696,5.948644832
-324.7741916,234.5131476,5.959642298
-325.2202068,234.4160487,5.96985217
-325.6653416,234.3149262,5.980635411
-326.1094183,234.2090343,5.990847259
-326.552734,234.0996552,6.000849525
-326.9950084,233.985715,6.011635955
-327.4363671,233.8677473,6.02183636
-327.8767511,233.7456264,6.031835252
-328.3161228,233.6194474,6.041838788
-328.7543751,233.4893011,6.051839614
-329.1911328,233.3545239,6.061829126
-329.6265719,233.2161736,6.07182924
-330.0605452,233.0741222,6.081823621
-330.4928654,232.9280319,6.091038863
-330.9234589,232.7778482,6.100824626
-331.35239,232.6238218,6.110036154
-331.7794939,232.4655269,6.119045645
-332.2048933,232.3033256,6.128049505
-332.6286469,232.1373749,6.137039674
-333.0506621,231.9674165,6.145249519
-333.4707914,231.7930943,6.154040866
-333.889331,231.6151617,6.162249757
-334.3060079,231.4330278,6.170250152
-334.7209626,231.2470217,6.179025695
-335.1344341,231.0576647,6.186464984
-335.545862,230.8637662,6.194245489
-335.9558288,230.6665461,6.202240562
-336.3637987,230.4648796,6.210231348
-336.7701714,230.2595781,6.217451231
-337.1747614,230.0503864,6.224453786
-337.5775491,229.8375,6.231446262
-337.9784368,229.6210455,6.238450144
-338.3776549,229.4017116,6.245450087
-338.7741971,229.177888,6.251669654
-339.1685845,228.9505856,6.258446933
-339.5607228,228.7196538,6.264664125
-339.9508608,228.485507,6.270659397
-340.3385424,228.2473937,6.276659572
-340.7243875,228.0063011,6.281878077
-341.1078104,227.7613594,6.28687481
-341.489088,227.5131472,6.291872546
-341.867726,227.2610749,6.296872038
-342.2440903,227.0058109,6.301870882
-342.6183416,226.7476271,6.306094562
-342.9898633,226.485644,6.310092866
-343.3588195,226.2201251,6.314095864
-343.7252084,225.9510757,6.317321381
-344.0890042,225.6784748,6.321087959
-344.4506686,225.4029459,6.324315806
-344.8091932,225.1232115,6.327314468
-345.1656346,224.8406809,6.330314336
-345.5193255,224.5545909,6.332542921
-345.8702215,224.2649702,6.334539724
-346.2181225,223.9716772,6.337309416
-346.5635592,223.6753881,6.339539474
-346.9063934,223.3759532,6.341540312
-347.2464721,223.0732132,6.343538071
-347.5830974,222.7664107,6.344768147
-347.9175194,222.4569131,6.346536045
-348.2490498,222.143998,6.347767522
-348.5773465,221.8273165,6.3495326
-348.9035625,221.5080307,6.350765529
-349.2265168,221.1849521,6.351
-349.5468782,220.8587651,6.351765244
-349.8650101,220.5298197,6.352
-350.1797269,220.1970038,6.352763462
-350.4914138,219.8607381,6.353
-350.8006691,219.5216877,6.353
-351.1067081,219.1792987,6.353
-351.4092304,218.8334638,6.352237648
-351.7085249,218.4846665,6.351239047
-352.0044425,218.1331906,6.350239178
-352.296294,217.7790366,6.34923954
-352.5844109,217.4230792,6.348238987
-352.8680359,217.065216,6.346480312
-353.1474385,216.7059553,6.34523943
-353.4221134,216.3450472,6.343480924
-353.6924369,215.9828842,6.341480023
-353.9583081,215.6194862,6.339480694
-354.2200348,215.2550548,6.337482492
-354.4772749,214.8892476,6.335482227
-354.7304123,214.5222368,6.332721282
-354.9792494,214.1539031,6.33048186
-355.2234736,213.7841142,6.327722548
-355.4640494,213.4135819,6.324724382
-355.7001694,213.0419616,6.321725497
-355.9322431,212.6697903,6.317965487
-356.1592272,212.2966416,6.314727072
-356.3822738,211.9232698,6.31096804
-356.6011895,211.5496016,6.306969001
-356.8160825,211.1757343,6.30297042
-357.0265107,210.8013493,6.298966303
-357.2326046,210.4263574,6.294963812
-357.4345436,210.0506447,6.290964306
-357.6321091,209.6738921,6.286215504
-357.8252871,209.2959659,6.281973185
-358.01495,208.9173437,6.277218255
-358.2003886,208.5378897,6.272969812
-358.3812359,208.157634,6.268215669
-358.5589992,207.7773181,6.263214711
-358.7320587,207.3961486,6.258219223
-358.9012013,207.0145257,6.253214248
-359.0662788,206.6325214,6.248211013
-359.2271091,206.2500952,6.24245841
-359.3839841,205.867334,6.23721846
-359.5370045,205.4842189,6.232216957
-359.6859501,205.100535,6.227217903
-359.8307801,204.7161643,6.221467496
-359.9717256,204.3312547,6.215468905
-360.1088193,203.9459307,6.210219879
-360.2417933,203.5601802,6.204463941
-360.3698861,203.1738117,6.19771494
-360.4947002,202.7873202,6.191466117
-360.61552,202.4003186,6.185473998
-360.7317202,202.0124135,6.178721377
-360.8444229,201.6237812,6.172477345
-360.9526494,201.2340441,6.165723868
-361.0573516,200.8434281,6.158726335
-361.1582857,200.45188,6.152482857
-361.2552215,200.0593433,6.14573385
-361.3483273,199.6658518,6.138725096
-361.4373163,199.27133,6.131724836
-361.5229792,198.8759323,6.12397843
-361.6048949,198.47954,6.116737481
-361.682836,198.0820554,6.108991064
-361.7575381,197.6835446,6.100995883
-361.829252,197.283989,6.092999779
-361.8965267,196.883088,6.084996767
-361.9602231,196.4809218,6.07700341
-362.0209241,196.0775109,6.069010116
-362.0772046,195.6725843,6.061006604
-362.1299412,195.26621,6.052260172
-362.1797004,194.8584131,6.043259113
-362.224949,194.4489755,6.034260439
-362.2673951,194.0380294,6.025272488
-362.3056482,193.6253859,6.016274754
-362.3403926,193.2110611,6.006531594
-362.3713735,192.7950079,5.996542157
-362.3991394,192.3772124,5.986540966
-362.4231622,191.9576033,5.976538175
-362.4431736,191.5361979,5.965794259
-362.4599218,191.1130716,5.955548859
-362.4721797,190.688221,5.94482026
-362.4809444,190.261715,5.934569438
-362.4859687,189.8336038,5.923835996
-362.486258,189.4039493,5.913580215
-362.4830285,188.9728226,5.902828419
-362.4760697,188.5402807,5.891845824
-362.4651066,188.1063553,5.880106597
-362.4501493,187.6710685,5.868852645
-362.4304531,187.2344772,5.85711608
-362.4064834,186.7965884,5.845852676
-362.3785414,186.357421,5.834120574
-362.3466051,185.9169954,5.822129126
-362.309923,185.4754206,5.810872458
-362.2682419,185.0328178,5.799137277
-362.2223001,184.5891963,5.78714044
-362.1723601,184.1445733,5.775143551
-362.1176969,183.6990506,5.763149342
-362.0587839,183.2525899,5.751156776
-361.9951679,182.8053265,5.73916946
-361.927217,182.3572785,5.727168174
-361.8552543,181.9084271,5.715165089
-361.7786098,181.4589026,5.703170735
-361.6977552,181.0086535,5.691183686
-361.612121,180.5578571,5.679189102
-361.5229637,180.1063511,5.667195163
-361.428602,179.6545428,5.655933564
-361.3304742,179.2021397,5.644208999
-361.2278502,178.7493089,5.632213481
-361.1208609,178.2960555,5.620206768
-361.0092412,177.8425,5.608211454
-360.8941956,177.388362,5.596227129
-360.774509,176.9339757,5.584955359
-360.6512714,176.4790846,5.573219814
-360.5237782,176.023937,5.561965584
-360.3920472,175.5685902,5.550981344
-360.2567381,175.1129105,5.539971462
-360.1172889,174.6570993,5.528987074
-359.9741753,174.2010551,5.517992557
-359.8280796,173.7446012,5.507726503
-359.6780829,173.288065,5.497720723
-359.5248641,172.831233,5.487718446
-359.3675409,172.3744197,5.477738421
-359.2071491,171.9173176,5.468467962
-359.0431898,171.4601619,5.459464896
-358.8761474,171.0028066,5.451197495
-358.7054994,170.5454808,5.442485431
-358.5319544,170.0879493,5.434204801
-358.355114,169.6303719,5.426207369
-358.1750852,169.172735,5.418936997
-357.9920397,168.7150445,5.411941728
-357.8053711,168.2575849,5.404949987
-357.6152047,167.8003014,5.397949912
-357.4221918,167.3429373,5.391676035
-357.2254221,166.8859186,5.385679456
-357.0253431,166.4291035,5.380401571
-356.8217047,165.9726393,5.375407432
-356.6146027,165.5164751,5.370408719
-356.4047089,165.0603222,5.365414903
-356.1911308,164.6046542,5.361137317
-355.9740249,164.1494557,5.357138072
-355.7539102,163.694521,5.353853985
-355.5294762,163.240523,5.350855879
-355.3016013,162.7870567,5.348572937
-355.0697289,162.3344483,5.34585917
-354.8345449,161.8823656,5.343572414
-354.5954062,161.4311725,5.342287992
-354.352402,160.9808397,5.340577065
-354.1057897,160.5312635,5.339289474
-353.8550245,160.0828214,5.33828978
-353.6010228,159.635048,5.337290286
-353.342897,159.1884844,5.337
-353.0808537,158.7430377,5.336292219
-352.8144637,158.2989921,5.336
-352.5445005,157.8559585,5.336
-352.270101,157.4145852,5.336706156
-351.9920975,156.9744728,5.337
-351.7097807,156.536211,5.337
-351.4239673,156.0993753,5.337703947
-351.1336272,155.6647542,5.338703331
-350.8397471,155.2317948,5.339702552
-350.5419511,154.800923,5.340702505
-350.240484,154.372111,5.342402746
-349.9354854,153.945362,5.343701028
-349.6259893,153.5214774,5.345401998
-349.3124662,153.1002549,5.347400214
-348.9954357,152.6814469,5.349399776
-348.6753096,152.2648124,5.35139994
-348.3510347,151.8511974,5.35339856
-348.0233293,151.4400861,5.355396175
-347.6916472,151.0320132,5.358093269
-347.3566296,150.6265,5.360395062
-347.0180099,150.223794,5.36309109
-346.6762196,149.8235389,5.365392305
-346.3305083,149.4264072,5.367391883
-345.9810922,149.0322118,5.370084682
-345.628696,148.6402894,5.372389824
-345.2730697,148.2508462,5.374388966
-344.9136883,147.8643537,5.376386768
-344.5507485,147.4805815,5.378385997
-344.184372,147.0993769,5.380383848
-343.8142307,146.7210781,5.3816921
-343.4405057,146.3455057,5.383383969
-343.0633466,145.9724889,5.385380757
-342.6823942,145.602365,5.386690068
-342.2978274,145.2349292,5.387689566
-341.909473,144.8703748,5.389377061
-341.5175008,144.5085262,5.390688293
-341.1217414,144.1495854,5.391688309
-340.7224102,143.7933367,5.392687256
-340.3196679,143.4396776,5.394372931
-339.9135693,143.0886074,5.395
-339.5040565,142.7402258,5.395685228
-339.0909519,142.3948636,5.396684453
-338.6750657,142.0516295,5.397
-338.2555107,141.7115062,5.397682872
-337.8326167,141.3739949,5.398
-337.4068119,141.0385503,5.397318061
-336.9774977,140.7059147,5.397
-336.5440814,140.3768706,5.396319727
-336.1076724,140.0500225,5.39532117
-335.6679708,139.7259832,5.394321929
-335.2254601,139.4042273,5.392643161
-334.7795089,139.0855755,5.390645129
-334.3300885,138.7700352,5.387971764
-333.8771694,138.4578143,5.385648323
-333.4215427,138.1479796,5.382970676
-332.9632459,137.8406054,5.37929779
-332.5019799,137.5361315,5.375304362
-332.0378745,137.2343101,5.371306447
-331.5703474,136.9361091,5.366634833
-331.1001445,136.6405448,5.360963624
-330.6273209,136.3476829,5.354966087
-330.1516885,136.0579329,5.348299413
-329.6737219,135.7705014,5.341304913
-329.192833,135.4862567,5.333636233
-328.708962,135.2053492,5.324968367
-328.2223361,134.9275781,5.315975461
-327.7327237,134.6534757,5.306982716
-327.2407008,134.3819856,5.296652554
-326.7459057,134.1137698,5.286324711
-326.2484307,133.8486982,5.275654092
-325.7482014,133.5869314,5.263996846
-325.2451073,133.3287214,5.252002555
-324.7393289,133.0738315,5.240007785
-324.2308507,132.8224237,5.22800434
-323.71962,132.5746318,5.215349044
-323.2056634,132.3304703,5.203023226
-322.6888934,132.0902327,5.190364121
-322.1698749,131.8527026,5.177371872
-321.6484199,131.6183004,5.164368694
-321.1242123,131.3878621,5.150698995
-320.5977505,131.1604192,5.137376433
-320.06895,130.9362941,5.12438934
-319.5379054,130.715397,5.111396184
-319.0047793,130.4974627,5.098400993
-318.4698727,130.2816872,5.085395037
-317.9329082,130.0686813,5.072395552
-317.3942575,129.8576062,5.059411754
-316.8538919,129.6487015,5.047078933
-316.3120991,129.4413109,5.035075995
-315.7690153,129.2350609,5.022421322
-315.2244654,129.0304219,5.010083641
-314.6787565,128.8266496,4.998755615
-314.1320015,128.6233991,4.987102409
-313.5840076,128.4211758,4.975109455
-313.0353086,128.2186296,4.963773033
-312.4859294,128.0157321,4.952778587
-311.9357147,127.8128949,4.942443098
-311.3847418,127.6099049,4.931787949
-310.8331884,127.406287,4.921445441
-310.2809327,127.2024345,4.91145267
-309.7279667,126.998447,4.902107958
-309.1746622,126.7932679,4.892459606
-308.6207793,126.5875541,4.883126151
-308.0662871,126.3815003,4.874776709
-307.5114658,126.1743757,4.866783681
-306.9562174,125.966413,4.858785116
-306.4004961,125.757735,4.851436102
-305.8443223,125.5482633,4.844442111
-305.2877502,125.3377743,4.837447489
-304.7308768,125.1261721,4.831099212
-304.1736856,124.9136972,4.825753455
-303.616208,124.7002482,4.820758136
-303.0584465,124.4856918,4.815112328
-302.5002627,124.2702231,4.809764425
-301.941675,124.0537361,4.804768113
-301.3826694,123.8363392,4.799773834
-300.8234086,123.6177307,4.794774675
-300.2635333,123.3988927,4.789134046
-299.7034712,123.1787199,4.783780993
-299.1429886,122.9577834,4.778138916
-298.5822783,122.7356115,4.772142014
-298.0211097,122.5127997,4.766147078
-297.4592825,122.2898683,4.759507078
-296.8972087,122.0658117,4.753154978
-296.3347772,121.8410388,4.746521208
-295.7720269,121.6154992,4.740163697
-295.2090529,121.3888703,4.734163974
-294.6457724,121.1613761,4.728167792
-294.082569,120.9321632,4.722169475
-293.5190457,120.7022101,4.716808916
-292.955069,120.4718424,4.71181477
-292.3909625,120.2403108,4.706817043
-291.8269051,120.0072775,4.702457736
-291.2626766,119.7733339,4.698458699
-290.69814,119.5387397,4.695094549
-290.1333822,119.3032057,4.691461113
-289.5683578,119.0668265,4.68809907
-289.0034405,118.8287492,4.685101454
-288.4379984,118.5904622,4.682102465
-287.8722917,118.3513216,4.679736013
-287.3065623,118.1108048,4.677105454
-286.7406005,117.8694591,4.674739332
-286.1745459,117.6269641,4.672740445
-285.608097,117.3840416,4.670111624
-285.0415506,117.1399787,4.667742683
-284.474763,116.8950704,4.665743432
-283.9079519,116.6488961,4.663744098
-283.340858,116.4021284,4.661745979
-282.7734538,116.1547615,4.659122115
-282.2058395,115.9063046,4.656749435
-281.6381352,115.6561847,4.654750476
-281.0698926,115.4053533,4.652751819
-280.5011356,115.1538369,4.650752673
-279.9323031,114.9006643,4.649376631
-279.3629549,114.6467869,4.647754228
-278.7933102,114.3917007,4.645755474
-278.2233911,114.135395,4.644378969
-277.6528732,113.878612,4.642759626
-277.0821332,113.6204895,4.641380268
-276.5111332,113.3611514,4.640381352
-275.9399115,113.1006058,4.639381631
-275.3680472,112.8397754,4.638382281
-274.7959773,112.5776836,4.637382827
-274.2237399,112.3142414,4.637
-273.6511666,112.0498222,4.636384235
-273.0779739,111.7850175,4.636
-272.5046269,111.5188052,4.636
-271.9310082,111.2514751,4.636
-271.3568741,110.9835928,4.636
-270.7825328,110.7144937,4.636
-270.2077867,110.4446129,4.636
-269.6327779,110.1736729,4.636611497
-269.0573677,109.9019514,4.637
-268.4815647,109.6294343,4.637
-267.9054101,109.3560405,4.637
-267.3289466,109.0816869,4.637608411
-266.7522514,108.8062243,4.638
-266.1749723,108.5303812,4.638
-265.597472,108.2534069,4.638
-265.0196718,107.975503,4.638
-264.4414006,107.6970583,4.638
-263.8626197,107.4181639,4.638
-263.2836163,107.1382451,4.638
-262.7043871,106.8573261,4.638
-262.1246506,106.5759509,4.637396989
-261.5443105,106.2942712,4.637
-260.9636183,106.0118193,4.637
-260.3827652,105.7282897,4.637
-259.8014153,105.4444123,4.637
-259.2196803,105.1599414,4.637
-258.6374078,104.8751016,4.636400357
-258.054706,104.5896482,4.636
-257.4717371,104.3033588,4.636598053
-256.8883398,104.016655,4.637
-256.3044136,103.7296913,4.637
-255.7200679,103.442218,4.637596465
-255.1352619,103.1543135,4.638596134
-254.5500258,102.865895,4.639595519
-253.9642223,102.5772849,4.64059417
-253.3778151,102.2885768,4.64159316
-252.7911087,101.9991287,4.64259266
-252.2039152,101.7093255,4.643591981
-251.6161398,101.4194363,4.645183198
-251.0277459,101.1295336,4.647182527
-250.4386204,100.8397626,4.648590474
-249.8491135,100.5494153,4.650179276
-249.258899,100.259189,4.651589003
-248.6681495,99.96872338,4.652588579
-248.0769242,99.67790193,4.654175932
-247.4847684,99.38770126,4.655587237
-246.8921002,99.09727683,4.656586678
-246.2989744,98.80650261,4.658171803
-245.705259,98.51564205,4.659585423
-245.1106906,98.22523576,4.66
-244.5155101,97.93484805,4.660584715
-243.919942,97.64405891,4.66158399
-243.3235474,97.3537349,4.662583673
-242.72653,97.06342679,4.663582726
-242.1288879,96.77318309,4.664
-241.5307394,96.48281161,4.664581403
-240.9318782,96.19274114,4.665580203
-240.3323101,95.9029499,4.666579483
-239.7322655,95.61292834,4.667
-239.1315104,95.32312293,4.667578886
-238.5301174,95.03341538,4.668
-237.9282824,94.74349483,4.668577604
-237.3259178,94.4535973,4.669
-236.7226884,94.16434098,4.669
-236.1188464,93.87511647,4.669
-235.5143709,93.58594244,4.669
-234.90925,93.29688471,4.669574793
-234.3034874,93.00806898,4.67
-233.6971664,92.71939222,4.67
